Nombre: 843;Num;Nom;NumType;COMMUNE;Population_totale;EMPLOIS_TOTAUX;ENF;EPCI;IRIS
1;1;BORDEAUX;1;BORDEAUX;858,00;259;17,00;CUB;1104
2;2;BORDEAUX;1;BORDEAUX;645,00;587;10,00;CUB;503
3;3;BORDEAUX;1;BORDEAUX;796,00;4769;16,00;CUB;507
4;4;BORDEAUX;1;BORDEAUX;930,00;1632;32,00;CUB;309
5;5;BORDEAUX;1;BORDEAUX;2661,00;378;90,00;CUB;604
6;6;BORDEAUX;1;BORDEAUX;924,00;317;26,00;CUB;605
7;7;BORDEAUX;1;BORDEAUX;1094,00;710;21,00;CUB;506
8;8;BORDEAUX;1;BORDEAUX;1236,00;305;36,00;CUB;609
9;9;BORDEAUX;1;BORDEAUX;840,00;129;25,00;CUB;608
10;10;BORDEAUX;1;BORDEAUX;671,00;8308;20,00;CUB;1005
11;11;BORDEAUX;1;BORDEAUX;976,00;193;25,00;CUB;1106
12;12;BORDEAUX;1;BORDEAUX;2174,00;40;85,00;CUB;1302
13;13;BORDEAUX;1;BORDEAUX;681,00;1069;31,00;CUB;1302
14;14;BORDEAUX;1;BORDEAUX;2165,00;377;91,00;CUB;1304
15;15;BORDEAUX;1;BORDEAUX;878,00;279;34,00;CUB;706
16;16;BORDEAUX;1;BORDEAUX;537,00;16;21,00;CUB;706
17;17;BORDEAUX;1;BORDEAUX;1381,00;381;73,00;CUB;202
18;18;BORDEAUX;1;BORDEAUX;273,00;806;13,00;CUB;204
19;19;BORDEAUX;1;BORDEAUX;842,00;534;16,00;CUB;506
20;20;BORDEAUX;1;BORDEAUX;2121,00;5760;51,00;CUB;508
21;21;BORDEAUX;1;BORDEAUX;2903,00;8079;74,00;CUB;501
22;22;BORDEAUX;1;BORDEAUX;2254,00;570;28,00;CUB;1102
23;23;BORDEAUX;1;BORDEAUX;2737,00;1367;61,00;CUB;1103
24;24;BORDEAUX;1;BORDEAUX;2275,00;1515;47,00;CUB;1105
25;25;BORDEAUX;1;BORDEAUX;2732,00;369;75,00;CUB;1101
26;26;BORDEAUX;1;BORDEAUX;2349,00;305;45,00;CUB;1104
27;27;BORDEAUX;1;BORDEAUX;4854,00;1635;95,00;CUB;502
28;28;BORDEAUX;1;BORDEAUX;1620,00;2930;25,00;CUB;503
29;29;BORDEAUX;1;BORDEAUX;2230,00;2881;34,00;CUB;504
30;30;BORDEAUX;1;BORDEAUX;2713,00;1831;53,00;CUB;505
31;31;BORDEAUX;1;BORDEAUX;1736,00;3178;36,00;CUB;507
32;32;BORDEAUX;1;BORDEAUX;1467,00;972;50,00;CUB;309
33;33;BORDEAUX;1;BORDEAUX;3869,00;1988;106,00;CUB;302
34;34;BORDEAUX;1;BORDEAUX;7662,00;5215;282,00;CUB;301
35;35;BORDEAUX;1;BORDEAUX;3634,00;1513;165,00;CUB;303
36;36;BORDEAUX;1;BORDEAUX;3964,00;1344;134,00;CUB;313
37;37;BORDEAUX;1;BORDEAUX;3783,00;1964;144,00;CUB;312
38;38;BORDEAUX;1;BORDEAUX;3422,00;3481;126,00;CUB;305
39;39;BORDEAUX;1;BORDEAUX;3510,00;426;158,00;CUB;307
40;40;BORDEAUX;1;BORDEAUX;2838,00;552;177,00;CUB;306
41;41;BORDEAUX;1;BORDEAUX;3276,00;3579;198,00;CUB;308
42;42;BORDEAUX;1;BORDEAUX;2579,00;295;93,00;CUB;310
43;43;BORDEAUX;1;BORDEAUX;2253,00;711;79,00;CUB;311
44;44;BORDEAUX;1;BORDEAUX;2235,00;4127;69,00;CUB;602
45;45;BORDEAUX;1;BORDEAUX;3600,00;528;116,00;CUB;601
46;46;BORDEAUX;1;BORDEAUX;2442,00;4176;69,00;CUB;603
47;47;BORDEAUX;1;BORDEAUX;2989,00;951;71,00;CUB;606
48;48;BORDEAUX;1;BORDEAUX;3007,00;4389;97,00;CUB;604
49;49;BORDEAUX;1;BORDEAUX;1752,00;593;41,00;CUB;605
50;50;BORDEAUX;1;BORDEAUX;993,00;317;19,00;CUB;506
51;51;BORDEAUX;1;BORDEAUX;1627,00;217;48,00;CUB;609
52;52;BORDEAUX;1;BORDEAUX;2058,00;1086;60,00;CUB;608
53;53;BORDEAUX;1;BORDEAUX;3399,00;826;118,00;CUB;1001
54;54;BORDEAUX;1;BORDEAUX;3831,00;8795;122,00;CUB;1003
55;55;BORDEAUX;1;BORDEAUX;1576,00;15976;31,00;CUB;1002
56;56;BORDEAUX;1;BORDEAUX;2609,00;1008;78,00;CUB;1005
57;57;BORDEAUX;1;BORDEAUX;4703,00;376;117,00;CUB;1004
58;58;BORDEAUX;1;BORDEAUX;2632,00;673;81,00;CUB;1006
59;59;BORDEAUX;1;BORDEAUX;3638,00;2749;64,00;CUB;1202
60;60;BORDEAUX;1;BORDEAUX;3150,00;459;92,00;CUB;1201
61;61;BORDEAUX;1;BORDEAUX;2484,00;167;28,00;CUB;1107
62;62;BORDEAUX;1;BORDEAUX;1801,00;310;47,00;CUB;1106
63;63;BORDEAUX;1;BORDEAUX;2832,00;786;68,00;CUB;1204
64;64;BORDEAUX;1;BORDEAUX;2880,00;623;76,00;CUB;1203
65;65;BORDEAUX;1;BORDEAUX;2334,00;377;66,00;CUB;1205
66;66;BORDEAUX;1;BORDEAUX;2564,00;278;52,00;CUB;1209
67;67;BORDEAUX;1;BORDEAUX;3522,00;905;77,00;CUB;1108
68;68;BORDEAUX;1;BORDEAUX;2768,00;261;78,00;CUB;1207
69;69;BORDEAUX;1;BORDEAUX;2110,00;303;96,00;CUB;1206
70;70;BORDEAUX;1;BORDEAUX;2696,00;280;134,00;CUB;1208
71;71;BORDEAUX;1;BORDEAUX;947,00;5454;37,00;CUB;1302
72;72;BORDEAUX;1;BORDEAUX;2789,00;881;81,00;CUB;1305
73;73;BORDEAUX;1;BORDEAUX;1557,00;1369;66,00;CUB;1304
74;74;BORDEAUX;1;BORDEAUX;3757,00;4648;140,00;CUB;1301
75;75;BORDEAUX;1;BORDEAUX;2762,00;331;139,00;CUB;1303
76;76;BORDEAUX;1;BORDEAUX;3899,00;407;167,00;CUB;902
77;77;BORDEAUX;1;BORDEAUX;3899,00;882;121,00;CUB;903
78;78;BORDEAUX;1;BORDEAUX;2520,00;14518;56,00;CUB;901
79;79;BORDEAUX;1;BORDEAUX;3409,00;564;101,00;CUB;904
80;80;BORDEAUX;1;BORDEAUX;2999,00;1361;112,00;CUB;905
81;81;BORDEAUX;1;BORDEAUX;3824,00;2637;147,00;CUB;705
82;82;BORDEAUX;1;BORDEAUX;1057,00;102;41,00;CUB;706
83;83;BORDEAUX;1;BORDEAUX;2444,00;289;72,00;CUB;806
84;84;BORDEAUX;1;BORDEAUX;2883,00;315;102,00;CUB;805
85;85;BORDEAUX;1;BORDEAUX;2632,00;604;73,00;CUB;703
86;86;BORDEAUX;1;BORDEAUX;2871,00;660;71,00;CUB;704
87;87;BORDEAUX;1;BORDEAUX;2516,00;461;70,00;CUB;804
88;88;BORDEAUX;1;BORDEAUX;2578,00;367;66,00;CUB;803
89;89;BORDEAUX;1;BORDEAUX;2736,00;425;130,00;CUB;808
90;90;BORDEAUX;1;BORDEAUX;2146,00;277;98,00;CUB;807
91;91;BORDEAUX;1;BORDEAUX;3950,00;1324;105,00;CUB;702
92;92;BORDEAUX;1;BORDEAUX;2517,00;173;96,00;CUB;701
93;93;BORDEAUX;1;BORDEAUX;2622,00;367;87,00;CUB;801
94;94;BORDEAUX;1;BORDEAUX;2500,00;383;69,00;CUB;802
95;95;BORDEAUX;1;BORDEAUX;3144,00;477;90,00;CUB;809
96;96;BORDEAUX;1;BORDEAUX;3355,00;4057;178,00;CUB;201
97;97;BORDEAUX;1;BORDEAUX;5443,00;1318;289,00;CUB;202
98;98;BORDEAUX;1;BORDEAUX;1515,00;396;73,00;CUB;204
99;99;BORDEAUX;1;BORDEAUX;3118,00;228;140,00;CUB;203
100;100;BORDEAUX;1;BORDEAUX;146,00;2108;9,00;CUB;201
101;101;BORDEAUX;1;BORDEAUX;6135,00;3323;382,00;CUB;103
102;102;BORDEAUX;1;BORDEAUX;3137,00;804;191,00;CUB;101
103;103;BORDEAUX;1;BORDEAUX;0,00;3765;0,00;CUB;101
104;104;BORDEAUX;1;BORDEAUX;333,00;2632;21,00;CUB;201
105;105;BORDEAUX;1;BORDEAUX;0,00;7184;0,00;CUB;101
106;106;BORDEAUX;1;BORDEAUX;6004,00;5600;177,00;CUB;401
107;107;BORDEAUX;1;BORDEAUX;1417,00;3153;55,00;CUB;401
108;108;BORDEAUX;1;BORDEAUX;244,00;277;14,00;CUB;405
109;109;BORDEAUX;1;BORDEAUX;4676,00;1998;223,00;CUB;405
110;110;BORDEAUX;1;BORDEAUX;3033,00;863;116,00;CUB;402
111;111;BORDEAUX;1;BORDEAUX;3458,00;135;157,00;CUB;404
112;112;BORDEAUX;1;BORDEAUX;4555,00;693;189,00;CUB;403
113;113;BORDEAUX;1;BORDEAUX;898,00;592;34,00;CUB;1301
114;200;BEGLES;2;BEGLES;879,00;453;36,00;CUB;103
115;201;TALENCE;2;TALENCE;1750,00;25;44,00;CUB;102
116;202;PESSAC;2;PESSAC;638,00;67;26,00;CUB;105
117;203;PESSAC;2;PESSAC;1826,00;152;37,00;CUB;117
118;204;GRADIGNAN;2;GRADIGNAN;2009,00;180;31,00;CUB;110
119;205;EYSINES;2;EYSINES;723,00;378;43,00;CUB;105
120;206;PESSAC;2;PESSAC;3225,00;62;236,00;CUB;121
121;207;MERIGNAC;2;MERIGNAC;1911,00;957;71,00;CUB;301
122;208;MERIGNAC;2;MERIGNAC;2235,00;515;97,00;CUB;601
123;209;PESSAC;2;PESSAC;1242,00;174;40,00;CUB;106
124;210;FLOIRAC;2;FLOIRAC;1190,00;233;73,00;CUB;102
125;211;LORMONT;2;LORMONT;1927,00;253;109,00;CUB;104
126;212;LORMONT;2;LORMONT;3086,00;160;248,00;CUB;107
127;213;VILLENAVE-D'ORNON;2;VILLENAVE-D'ORNON;1021,00;93;50,00;CUB;106
128;214;VILLENAVE D'ORNON;2;VILLENAVE D'ORNON;3293,00;464;178,00;CUB;103
129;215;GRADIGNAN;2;GRADIGNAN;1859,00;110;109,00;CUB;102
130;216;CARBON-BLANC;2;CARBON-BLANC;2190,00;463;102,00;CUB;102
131;217;BASSENS;2;BASSENS;2783,00;199;173,00;CUB;101
132;218;BEGLES;2;BEGLES;4913,00;2212;279,00;CUB;104
133;219;BEGLES;2;BEGLES;1638,00;1591;51,00;CUB;106
134;220;BEGLES;2;BEGLES;1731,00;286;72,00;CUB;103
135;221;BEGLES;2;BEGLES;3078,00;346;139,00;CUB;101
136;222;BEGLES;2;BEGLES;3357,00;539;91,00;CUB;102
137;223;BEGLES;2;BEGLES;2478,00;165;130,00;CUB;108
138;224;BEGLES;2;BEGLES;5947,00;1092;351,00;CUB;105
139;225;BEGLES;2;BEGLES;3202,00;1467;151,00;CUB;107
140;226;BEGLES;2;BEGLES;2824,00;198;180,00;CUB;109
141;227;BEGLES;2;BEGLES;36,00;733;1,00;CUB;110
142;228;VILLENAVE-D'ORNON;2;VILLENAVE-D'ORNON;4577,00;3919;176,00;CUB;101
143;229;VILLENAVE-D'ORNON;2;VILLENAVE-D'ORNON;2841,00;1257;140,00;CUB;105
144;230;VILLENAVE-D'ORNON;2;VILLENAVE-D'ORNON;2406,00;359;119,00;CUB;106
145;231;TALENCE;2;TALENCE;3141,00;317;125,00;CUB;106
146;232;TALENCE;2;TALENCE;2964,00;290;122,00;CUB;107
147;233;TALENCE;2;TALENCE;3401,00;217;93,00;CUB;105
148;234;TALENCE;2;TALENCE;4225,00;506;165,00;CUB;104
149;235;TALENCE;2;TALENCE;6856,00;1824;245,00;CUB;101
150;236;TALENCE;2;TALENCE;2276,00;15;50,00;CUB;102
151;237;TALENCE;2;TALENCE;4943,00;1822;132,00;CUB;108
152;238;TALENCE;2;TALENCE;4187,00;338;157,00;CUB;109
153;239;TALENCE;2;TALENCE;3061,00;442;109,00;CUB;111
154;240;TALENCE;2;TALENCE;2340,00;450;80,00;CUB;110
155;241;TALENCE;2;TALENCE;4658,00;5975;33,00;CUB;103
156;242;TALENCE;2;TALENCE;1313,00;892;24,00;CUB;103
157;243;TALENCE;2;TALENCE;2655,00;1556;135,00;CUB;113
158;244;TALENCE;2;TALENCE;1581,00;39;56,00;CUB;112
159;245;PESSAC;2;PESSAC;2338,00;317;104,00;CUB;107
160;246;PESSAC;2;PESSAC;1469,00;651;61,00;CUB;105
161;247;PESSAC;2;PESSAC;3240,00;619;109,00;CUB;116
162;248;PESSAC;2;PESSAC;3870,00;908;26,00;CUB;117
163;249;GRADIGNAN;2;GRADIGNAN;97,00;636;2,00;CUB;110
164;250;PESSAC;2;PESSAC;8448,00;1765;5,00;CUB;118
165;251;PESSAC;2;PESSAC;4696,00;649;146,00;CUB;115
166;252;PESSAC;2;PESSAC;3465,00;2172;127,00;CUB;106
167;253;PESSAC;2;PESSAC;2558,00;154;108,00;CUB;104
168;254;PESSAC;2;PESSAC;3081,00;199;111,00;CUB;103
169;255;PESSAC;2;PESSAC;3122,00;576;128,00;CUB;108
170;256;PESSAC;2;PESSAC;3685,00;100;257,00;CUB;119
171;257;PESSAC;2;PESSAC;2973,00;197;82,00;CUB;113
172;258;PESSAC;2;PESSAC;2354,00;936;77,00;CUB;121
173;259;MERIGNAC;2;MERIGNAC;6741,00;478;181,00;CUB;302
174;260;MERIGNAC;2;MERIGNAC;4848,00;139;156,00;CUB;1201
175;261;MERIGNAC;2;MERIGNAC;4149,00;899;191,00;CUB;1101
176;262;MERIGNAC;2;MERIGNAC;1059,00;163;33,00;CUB;301
177;263;MERIGNAC;2;MERIGNAC;2311,00;19;97,00;CUB;1003
178;264;MERIGNAC;2;MERIGNAC;3167,00;624;125,00;CUB;1002
179;265;MERIGNAC;2;MERIGNAC;2400,00;175;122,00;CUB;502
180;266;MERIGNAC;2;MERIGNAC;2539,00;116;118,00;CUB;501
181;267;MERIGNAC;2;MERIGNAC;1641,00;230;90,00;CUB;1301
182;268;MERIGNAC;2;MERIGNAC;3655,00;863;130,00;CUB;701
183;269;MERIGNAC;2;MERIGNAC;2649,00;500;58,00;CUB;104
184;270;MERIGNAC;2;MERIGNAC;3090,00;296;121,00;CUB;202
185;271;MERIGNAC;2;MERIGNAC;1845,00;385;78,00;CUB;102
186;272;MERIGNAC;2;MERIGNAC;2626,00;329;50,00;CUB;101
187;273;MERIGNAC;2;MERIGNAC;3000,00;2317;114,00;CUB;103
188;274;MERIGNAC;2;MERIGNAC;4225,00;320;207,00;CUB;201
189;275;MERIGNAC;2;MERIGNAC;2823,00;1140;98,00;CUB;203
190;276;MERIGNAC;2;MERIGNAC;2982,00;174;103,00;CUB;901
191;277;MERIGNAC;2;MERIGNAC;3738,00;557;165,00;CUB;801
192;278;MERIGNAC;2;MERIGNAC;2033,00;2518;105,00;CUB;601
193;279;MERIGNAC;2;MERIGNAC;1586,00;7630;87,00;CUB;402
194;280;MERIGNAC;2;MERIGNAC;4191,00;1100;128,00;CUB;401
195;281;EYSINES;2;EYSINES;4141,00;218;190,00;CUB;106
196;282;EYSINES;2;EYSINES;3839,00;254;144,00;CUB;107
197;283;EYSINES;2;EYSINES;1477,00;749;89,00;CUB;105
198;284;BOUSCAT (LE );2;BOUSCAT (LE );2190,00;656;101,00;CUB;107
199;285;BOUSCAT (LE );2;BOUSCAT (LE );2531,00;581;105,00;CUB;106
200;286;BOUSCAT (LE );2;BOUSCAT (LE );2382,00;349;103,00;CUB;105
201;287;BOUSCAT (LE );2;BOUSCAT (LE );2880,00;695;121,00;CUB;103
202;288;BOUSCAT (LE );2;BOUSCAT (LE );2221,00;1191;62,00;CUB;102
203;289;BOUSCAT (LE );2;BOUSCAT (LE );3179,00;609;112,00;CUB;101
204;290;BOUSCAT (LE );2;BOUSCAT (LE );2647,00;318;122,00;CUB;108
205;291;BOUSCAT (LE );2;BOUSCAT (LE );3307,00;591;138,00;CUB;104
206;292;BOUSCAT (LE );2;BOUSCAT (LE );2302,00;816;116,00;CUB;109
207;293;BRUGES;2;BRUGES;3419,00;3334;202,00;CUB;104
208;294;BRUGES;2;BRUGES;3592,00;599;212,00;CUB;104
209;295;BRUGES;2;BRUGES;3220,00;134;87,00;CUB;103
210;296;BRUGES;2;BRUGES;2284,00;1577;78,00;CUB;101
211;297;BRUGES;2;BRUGES;2539,00;731;118,00;CUB;102
212;298;BRUGES;2;BRUGES;1441,00;1252;83,00;CUB;105
213;299;BRUGES;2;BRUGES;2738,00;596;158,00;CUB;105
214;300;BOULIAC;2;BOULIAC;6,00;1485;0,00;CUB;0
215;301;FLOIRAC;2;FLOIRAC;2141,00;2210;133,00;CUB;101
216;302;FLOIRAC;2;FLOIRAC;3479,00;1534;215,00;CUB;101
217;303;FLOIRAC;2;FLOIRAC;2569,00;408;139,00;CUB;102
218;304;FLOIRAC;2;FLOIRAC;2302,00;305;106,00;CUB;104
219;305;FLOIRAC;2;FLOIRAC;1744,00;1439;60,00;CUB;109
220;306;FLOIRAC;2;FLOIRAC;2299,00;1328;115,00;CUB;110
221;307;FLOIRAC;2;FLOIRAC;2399,00;207;159,00;CUB;108
222;308;CENON;2;CENON;2854,00;916;140,00;CUB;108
223;309;CENON;2;CENON;4208,00;896;204,00;CUB;109
224;310;CENON;2;CENON;2541,00;489;176,00;CUB;101
225;311;CENON;2;CENON;4061,00;903;195,00;CUB;103
226;312;CENON;2;CENON;2306,00;1149;210,00;CUB;102
227;313;CENON;2;CENON;2054,00;286;145,00;CUB;106
228;314;CENON;2;CENON;2160,00;170;167,00;CUB;107
229;315;CENON;2;CENON;2064,00;2371;156,00;CUB;105
230;316;CENON;2;CENON;4271,00;1200;202,00;CUB;104
231;317;LORMONT;2;LORMONT;485,00;1172;36,00;CUB;110
232;318;LORMONT;2;LORMONT;3341,00;1646;179,00;CUB;103
233;319;LORMONT;2;LORMONT;2140,00;370;109,00;CUB;104
234;320;LORMONT;2;LORMONT;1427,00;1107;69,00;CUB;107
235;321;LORMONT;2;LORMONT;2699,00;2464;198,00;CUB;110
236;322;SAINT-MEDARD-EN-JALLES;2;SAINT-MEDARD-EN-JALLES;19,00;734;1,00;CUB;113
237;323;MERIGNAC;2;MERIGNAC;360,00;292;18,00;CUB;1501
238;324;MERIGNAC;2;MERIGNAC;11,00;6471;1,00;CUB;1501
239;325;MERIGNAC;2;MERIGNAC;0,00;3179;0,00;CUB;1502
240;326;MERIGNAC;2;MERIGNAC;1702,00;426;74,00;CUB;1401
241;327;MERIGNAC;2;MERIGNAC;199,00;617;9,00;CUB;1401
242;328;TAILLAN-MEDOC (LE );2;TAILLAN-MEDOC (LE );1032,00;78;53,00;CUB;103
243;329;TAILLAN-MEDOC (LE );2;TAILLAN-MEDOC (LE );917,00;259;47,00;CUB;103
244;330;TAILLAN-MEDOC (LE );2;TAILLAN-MEDOC (LE );1921,00;565;98,00;CUB;103
245;331;TAILLAN-MEDOC (LE );2;TAILLAN-MEDOC (LE );404,00;47;21,00;CUB;103
246;332;TAILLAN-MEDOC (LE );2;TAILLAN-MEDOC (LE );1197,00;84;45,00;CUB;102
247;333;TAILLAN-MEDOC (LE );2;TAILLAN-MEDOC (LE );956,00;243;36,00;CUB;102
248;334;SAINT-AUBIN-DE-MEDOC;2;SAINT-AUBIN-DE-MEDOC;3472,00;158;155,00;CUB;0
249;335;SAINT-AUBIN-DE-MEDOC;2;SAINT-AUBIN-DE-MEDOC;4834,00;984;216,00;CUB;0
250;336;SAINT-MEDARD-EN-JALLES;2;SAINT-MEDARD-EN-JALLES;2183,00;867;96,00;CUB;106
251;337;SAINT-MEDARD-EN-JALLES;2;SAINT-MEDARD-EN-JALLES;1827,00;1417;81,00;CUB;106
252;338;SAINT-MEDARD-EN-JALLES;2;SAINT-MEDARD-EN-JALLES;1810,00;68;69,00;CUB;105
253;339;SAINT-MEDARD-EN-JALLES;2;SAINT-MEDARD-EN-JALLES;884,00;35;33,00;CUB;105
254;340;SAINT-MEDARD-EN-JALLES;2;SAINT-MEDARD-EN-JALLES;1377,00;230;55,00;CUB;104
255;341;SAINT-MEDARD-EN-JALLES;2;SAINT-MEDARD-EN-JALLES;820,00;257;33,00;CUB;104
256;342;SAINT-MEDARD-EN-JALLES;2;SAINT-MEDARD-EN-JALLES;949,00;6;38,00;CUB;104
257;343;SAINT-MEDARD-EN-JALLES;2;SAINT-MEDARD-EN-JALLES;652,00;47;26,00;CUB;104
258;345;SAINT-MEDARD-EN-JALLES;2;SAINT-MEDARD-EN-JALLES;2174,00;183;82,00;CUB;103
259;346;SAINT-MEDARD-EN-JALLES;2;SAINT-MEDARD-EN-JALLES;2764,00;158;114,00;CUB;102
260;347;SAINT-MEDARD-EN-JALLES;2;SAINT-MEDARD-EN-JALLES;1582,00;57;72,00;CUB;112
261;348;SAINT-MEDARD-EN-JALLES;2;SAINT-MEDARD-EN-JALLES;1573,00;340;72,00;CUB;112
262;349;SAINT-MEDARD-EN-JALLES;2;SAINT-MEDARD-EN-JALLES;1171,00;89;54,00;CUB;112
263;350;LORMONT;2;LORMONT;1943,00;261;105,00;CUB;108
264;351;LORMONT;2;LORMONT;132,00;168;7,00;CUB;108
265;352;LORMONT;2;LORMONT;343,00;110;19,00;CUB;108
266;353;BEGLES;2;BEGLES;0,00;3723;0,00;CUB;110
267;354;VILLENAVE-D'ORNON;2;VILLENAVE-D'ORNON;335,00;786;20,00;CUB;107
268;355;VILLENAVE-D'ORNON;2;VILLENAVE-D'ORNON;5726,00;844;335,00;CUB;107
269;356;VILLENAVE-D'ORNON;2;VILLENAVE-D'ORNON;3909,00;1451;193,00;CUB;106
270;357;VILLENAVE-D'ORNON;2;VILLENAVE-D'ORNON;3173,00;745;127,00;CUB;109
271;358;VILLENAVE-D'ORNON;2;VILLENAVE-D'ORNON;2227,00;102;75,00;CUB;104
272;359;VILLENAVE-D'ORNON;2;VILLENAVE-D'ORNON;3244,00;159;165,00;CUB;110
273;360;VILLENAVE D'ORNON;2;VILLENAVE D'ORNON;2285,00;143;62,00;CUB;103
274;361;VILLENAVE-D'ORNON;2;VILLENAVE-D'ORNON;1950,00;109;68,00;CUB;102
275;362;GRADIGNAN;2;GRADIGNAN;3909,00;1424;121,00;CUB;107
276;363;GRADIGNAN;2;GRADIGNAN;2910,00;1304;97,00;CUB;102
277;364;GRADIGNAN;2;GRADIGNAN;2996,00;44;162,00;CUB;103
278;365;GRADIGNAN;2;GRADIGNAN;3500,00;1647;117,00;CUB;104
279;366;GRADIGNAN;2;GRADIGNAN;3010,00;229;120,00;CUB;111
280;367;GRADIGNAN;2;GRADIGNAN;2167,00;707;114,00;CUB;105
281;368;GRADIGNAN;2;GRADIGNAN;3347,00;312;146,00;CUB;108
282;369;GRADIGNAN;2;GRADIGNAN;55,00;3961;3,00;CUB;101
283;370;PESSAC;2;PESSAC;465,00;20389;9,00;CUB;120
284;371;PESSAC;2;PESSAC;20,00;1223;0,00;CUB;120
285;372;PESSAC;2;PESSAC;3342,00;691;96,00;CUB;109
286;373;PESSAC;2;PESSAC;2408,00;195;105,00;CUB;102
287;374;PESSAC;2;PESSAC;3711,00;455;200,00;CUB;112
288;375;PESSAC;2;PESSAC;4418,00;937;195,00;CUB;110
289;376;PESSAC;2;PESSAC;3216,00;127;123,00;CUB;111
290;377;PESSAC;2;PESSAC;4256,00;402;207,00;CUB;124
291;378;PESSAC;2;PESSAC;2651,00;215;107,00;CUB;123
292;379;MERIGNAC;2;MERIGNAC;2359,00;669;102,00;CUB;1401
293;380;MERIGNAC;2;MERIGNAC;18,00;2857;1,00;CUB;1503
294;381;MERIGNAC;2;MERIGNAC;1591,00;15470;79,00;CUB;1503
295;382;MERIGNAC;2;MERIGNAC;116,00;4320;8,00;CUB;1504
296;383;MERIGNAC;2;MERIGNAC;0,00;1799;0,00;CUB;1501
297;384;MERIGNAC;2;MERIGNAC;229,00;3209;9,00;CUB;1502
298;385;MARTIGNAS-SUR-JALLE;2;MARTIGNAS-SUR-JALLE;4061,00;1972;185,00;CUB;102
299;386;MARTIGNAS-SUR-JALLE;2;MARTIGNAS-SUR-JALLE;3711,00;916;120,00;CUB;101
300;387;HAILLAN (LE );2;HAILLAN (LE );2601,00;4217;103,00;CUB;102
301;388;HAILLAN (LE );2;HAILLAN (LE );24,00;4177;1,00;CUB;101
302;389;HAILLAN (LE );2;HAILLAN (LE );3874,00;296;177,00;CUB;103
303;390;HAILLAN (LE );2;HAILLAN (LE );2619,00;90;105,00;CUB;104
304;391;SAINT-MEDARD-EN-JALLES;2;SAINT-MEDARD-EN-JALLES;3198,00;2658;113,00;CUB;107
305;392;SAINT-MEDARD-EN-JALLES;2;SAINT-MEDARD-EN-JALLES;2975,00;221;128,00;CUB;108
306;393;SAINT-MEDARD-EN-JALLES;2;SAINT-MEDARD-EN-JALLES;2846,00;402;90,00;CUB;109
307;394;SAINT-MEDARD-EN-JALLES;2;SAINT-MEDARD-EN-JALLES;2395,00;516;84,00;CUB;113
308;395;SAINT-MEDARD-EN-JALLES;2;SAINT-MEDARD-EN-JALLES;67,00;871;3,00;CUB;110
309;396;SAINT-MEDARD-EN-JALLES;2;SAINT-MEDARD-EN-JALLES;0,00;1773;0,00;CUB;111
310;397;SAINT-MEDARD-EN-JALLES;2;SAINT-MEDARD-EN-JALLES;202,00;35;2,00;CUB;101
311;398;EYSINES;2;EYSINES;1231,00;3094;78,00;CUB;103
312;399;EYSINES;2;EYSINES;3791,00;745;240,00;CUB;103
313;400;EYSINES;2;EYSINES;2303,00;466;120,00;CUB;104
314;401;EYSINES;2;EYSINES;3449,00;2229;170,00;CUB;102
315;402;EYSINES;2;EYSINES;3793,00;637;177,00;CUB;101
316;403;TAILLAN-MEDOC (LE );2;TAILLAN-MEDOC (LE );3811,00;239;187,00;CUB;101
317;404;BRUGES;2;BRUGES;567,00;881;19,00;CUB;101
318;405;BRUGES;2;BRUGES;0,00;1456;0,00;CUB;105
319;406;BRUGES;2;BRUGES;45,00;103;3,00;CUB;105
320;407;BLANQUEFORT;2;BLANQUEFORT;3181,00;518;122,00;CUB;103
321;408;BLANQUEFORT;2;BLANQUEFORT;435,00;4672;12,00;CUB;106
322;409;BLANQUEFORT;2;BLANQUEFORT;3615,00;1870;157,00;CUB;104
323;410;BLANQUEFORT;2;BLANQUEFORT;2730,00;399;109,00;CUB;105
324;411;BLANQUEFORT;2;BLANQUEFORT;2187,00;313;86,00;CUB;102
325;412;BLANQUEFORT;2;BLANQUEFORT;3000,00;471;158,00;CUB;101
326;413;BLANQUEFORT;2;BLANQUEFORT;75,00;483;8,00;CUB;107
327;414;PAREMPUYRE;2;PAREMPUYRE;3259,00;852;145,00;CUB;103
328;415;PAREMPUYRE;2;PAREMPUYRE;2401,00;218;105,00;CUB;102
329;416;PAREMPUYRE;2;PAREMPUYRE;3787,00;184;179,00;CUB;101
330;417;VILLENAVE-D'ORNON;2;VILLENAVE-D'ORNON;990,00;315;58,00;CUB;107
331;418;MERIGNAC;2;MERIGNAC;13,00;1953;1,00;CUB;1501
332;419;HAILLAN (LE );2;HAILLAN (LE );2549,00;147;108,00;CUB;101
333;420;BOULIAC;2;BOULIAC;3650,00;700;165,00;CUB;0
334;421;ARTIGUES-PRES-BORDEAUX;2;ARTIGUES-PRES-BORDEAUX;4300,00;3030;189,00;CUB;104
335;422;ARTIGUES-PRES-BORDEAUX;2;ARTIGUES-PRES-BORDEAUX;4617,00;2341;233,00;CUB;101
336;423;LORMONT;2;LORMONT;2008,00;84;57,00;CUB;106
337;424;LORMONT;2;LORMONT;2152,00;855;148,00;CUB;102
338;425;LORMONT;2;LORMONT;2331,00;425;140,00;CUB;101
339;426;CARBON-BLANC;2;CARBON-BLANC;2612,00;136;160,00;CUB;102
340;427;BASSENS;2;BASSENS;2075,00;330;82,00;CUB;103
341;428;CARBON-BLANC;2;CARBON-BLANC;3629,00;2003;171,00;CUB;101
342;429;BASSENS;2;BASSENS;2644,00;189;106,00;CUB;101
343;430;BASSENS;2;BASSENS;212,00;3678;9,00;CUB;104
344;431;AMBARES-ET-LAGRAVE;2;AMBARES-ET-LAGRAVE;2992,00;497;178,00;CUB;103
345;432;AMBARES-ET-LAGRAVE;2;AMBARES-ET-LAGRAVE;4019,00;3159;191,00;CUB;102
346;433;AMBARES-ET-LAGRAVE;2;AMBARES-ET-LAGRAVE;4644,00;591;241,00;CUB;104
347;434;AMBARES-ET-LAGRAVE;2;AMBARES-ET-LAGRAVE;6087,00;574;329,00;CUB;101
348;435;SAINT-LOUIS-DE-MONTFERRAND;2;SAINT-LOUIS-DE-MONTFERRAND;2110,00;263;116,00;CUB;0
349;436;SAINT-VINCENT-DE-PAUL;2;SAINT-VINCENT-DE-PAUL;1020,00;155;60,00;CUB;0
350;437;AMBES;2;AMBES;3038,00;1137;216,00;CUB;0
351;500;LABARDE;3;MACAU;612,00;138;28,00;CdC M?doc Estuaire;0
352;501;CURSAN;3;SADIRAC;1284,00;186;63,00;;0
353;502;LEOGNAN;3;LEOGNAN;2457,00;626;104,00;CdC de Montesquieu;101
354;503;CESTAS;3;CESTAS;2401,00;921;63,00;CdC Jalle Eau Bourde;103
355;504;BONNETAN;3;SALLEBOEUF;1008,00;92;50,00;CdC des C?teaux Bordelais;0
356;505;LOUPES;3;CAMARSAC;890,00;113;47,00;CdC des C?teaux Bordelais;0
357;506;CAMBES;3;CAMBES;952,00;188;51,00;CdC des Portes de l'Entre-Deux-Mers;0
358;507;LE TOURNE;3;TABANAC;821,00;393;34,00;;0
359;508;CADAUJAC;3;CADAUJAC;6851,00;1706;320,00;CdC de Montesquieu;0
360;509;SAINT-MEDARD-D'EYRANS;3;SAINT-MEDARD-D'EYRANS;3162,00;1045;141,00;CdC de Montesquieu;0
361;510;AYGUEMORTE-LES-GRAVES;3;AYGUEMORTE-LES-GRAVES;1859,00;574;83,00;CdC de Montesquieu;0
362;511;BEAUTIRAN;3;BEAUTIRAN;2400,00;645;99,00;CdC de Montesquieu;0
363;512;CASTRES-GIRONDE;3;CASTRES-GIRONDE;2442,00;559;142,00;CdC de Montesquieu;0
364;513;PORTETS;3;PORTETS;2659,00;600;118,00;;0
365;514;MARTILLAC;3;MARTILLAC;3394,00;3359;170,00;CdC de Montesquieu;0
366;515;LA BREDE;3;LA BREDE;4451,00;1838;150,00;CdC de Montesquieu;0
367;516;SAINT-SELVE;3;SAINT-SELVE;5240,00;691;286,00;CdC de Montesquieu;0
368;517;LEOGNAN;3;LEOGNAN;2178,00;269;61,00;CdC de Montesquieu;101
369;518;LEOGNAN;3;LEOGNAN;3214,00;1055;126,00;CdC de Montesquieu;102
370;519;LEOGNAN;3;LEOGNAN;2773,00;532;97,00;CdC de Montesquieu;104
371;520;SAUCATS;3;SAUCATS;3326,00;712;187,00;CdC de Montesquieu;0
372;521;CANEJAN;3;CANEJAN;3489,00;108;169,00;CdC Jalle Eau Bourde;102
373;522;CANEJAN;3;CANEJAN;2518,00;4980;58,00;CdC Jalle Eau Bourde;101
374;523;CESTAS;3;CESTAS;2729,00;692;122,00;CdC Jalle Eau Bourde;101
375;524;CESTAS;3;CESTAS;2320,00;635;37,00;CdC Jalle Eau Bourde;102
376;525;CESTAS;3;CESTAS;2248,00;137;54,00;CdC Jalle Eau Bourde;103
377;526;CESTAS;3;CESTAS;3282,00;168;109,00;CdC Jalle Eau Bourde;105
378;527;CESTAS;3;CESTAS;2836,00;154;68,00;CdC Jalle Eau Bourde;107
379;528;CESTAS;3;CESTAS;1417,00;8288;43,00;CdC Jalle Eau Bourde;106
380;529;SAINT-JEAN-D'ILLAC;3;SAINT-JEAN-D'ILLAC;4985,00;851;261,00;CdC Jalle Eau Bourde;102
381;530;SAINT-JEAN-D'ILLAC;3;SAINT-JEAN-D'ILLAC;4067,00;2316;182,00;CdC Jalle Eau Bourde;101
382;531;PIAN-MEDOC (LE );3;PIAN-MEDOC (LE );3655,00;790;165,00;CdC M?doc Estuaire;101
383;532;PIAN-MEDOC (LE );3;PIAN-MEDOC (LE );3321,00;868;135,00;CdC M?doc Estuaire;102
384;533;ARSAC;3;ARSAC;3939,00;909;155,00;CdC M?doc Estuaire;0
385;534;AVENSAN;3;AVENSAN;3189,00;486;161,00;CdC la M?dullienne;0
386;535;SALAUNES;3;SALAUNES;1198,00;496;74,00;CdC la M?dullienne;0
387;536;CASTELNAU-DE-MEDOC;3;CASTELNAU-DE-MEDOC;5046,00;1153;214,00;CdC la M?dullienne;0
388;537;LUDON-MEDOC;3;LUDON-MEDOC;5250,00;825;247,00;CdC M?doc Estuaire;0
389;538;MACAU;3;MACAU;4446,00;773;215,00;CdC M?doc Estuaire;0
390;539;MARGAUX;3;MARGAUX;2850,00;1111;102,00;CdC M?doc Estuaire;0
391;540;SOUSSANS;3;SOUSSANS;1668,00;329;71,00;CdC M?doc Estuaire;0
392;541;CUBZAC-LES-PONTS;3;CUBZAC-LES-PONTS;2655,00;247;156,00;CdC du Cubzaguais;0
393;542;SAINT-ANDRE-DE-CUBZAC;3;SAINT-ANDRE-DE-CUBZAC;4274,00;603;227,00;CdC du Cubzaguais;102
394;543;SAINT-GERVAIS;3;SAINT-GERVAIS;2010,00;148;106,00;CdC du Cubzaguais;0
395;544;SAINT-ANDRE-DE-CUBZAC;3;SAINT-ANDRE-DE-CUBZAC;4724,00;1989;235,00;CdC du Cubzaguais;101
396;545;SAINT-ANDRE-DE-CUBZAC;3;SAINT-ANDRE-DE-CUBZAC;4236,00;2155;239,00;CdC du Cubzaguais;103
397;546;LA LANDE-DE-FRONSAC;3;LA LANDE-DE-FRONSAC;2964,00;477;122,00;CdC Canton de Fronsac;0
398;547;VIRSAC;3;VIRSAC;1309,00;204;49,00;CdC du Cubzaguais;0
399;548;AUBIE-ET-ESPESSAS;3;AUBIE-ET-ESPESSAS;1785,00;193;85,00;CdC du Cubzaguais;0
400;549;PEUJARD;3;PEUJARD;2261,00;623;113,00;CdC du Cubzaguais;0
401;550;SAINT-LOUBES;3;SAINT-LOUBES;3090,00;3460;143,00;CdC du Secteur de Saint-Loub?s;102
402;551;SAINT-LOUBES;3;SAINT-LOUBES;3576,00;686;157,00;CdC du Secteur de Saint-Loub?s;101
403;552;IZON;3;IZON;6252,00;1325;305,00;;0
404;553;Centre commercial Sainte-Eulalie;3;Centre commercial Sainte-Eulalie;0,00;951;0,00;CdC du Secteur de Saint-Loub?s;
405;554;SAINTE-EULALIE;3;SAINTE-EULALIE;4873,00;1177;210,00;CdC du Secteur de Saint-Loub?s;0
406;555;YVRAC;3;YVRAC;2834,00;1676;114,00;CdC du Secteur de Saint-Loub?s;0
407;556;SAINT-LOUBES;3;SAINT-LOUBES;3168,00;213;114,00;CdC du Secteur de Saint-Loub?s;103
408;557;MONTUSSAN;3;MONTUSSAN;3406,00;702;154,00;CdC du Secteur de Saint-Loub?s;0
409;558;SAINT-SULPICE-ET-CAMEYRAC;3;SAINT-SULPICE-ET-CAMEYRAC;4859,00;837;188,00;CdC du Secteur de Saint-Loub?s;0
410;559;BEYCHAC-ET-CAILLAU;3;BEYCHAC-ET-CAILLAU;2544,00;2709;128,00;CdC du Secteur de Saint-Loub?s;0
411;560;TRESSES;3;TRESSES;4969,00;2893;183,00;CdC des C?teaux Bordelais;0
412;561;POMPIGNAC;3;POMPIGNAC;3304,00;782;120,00;CdC des C?teaux Bordelais;0
413;562;SALLEBOEUF;3;SALLEBOEUF;2728,00;450;124,00;CdC des C?teaux Bordelais;0
414;563;CARIGNAN-DE-BORDEAUX;3;CARIGNAN-DE-BORDEAUX;4327,00;679;151,00;CdC des C?teaux Bordelais;0
415;564;FARGUES-SAINT-HILAIRE;3;FARGUES-SAINT-HILAIRE;3305,00;969;129,00;CdC des C?teaux Bordelais;0
416;565;LATRESNE;3;LATRESNE;3604,00;1938;143,00;CdC des Portes de l'Entre-Deux-Mers;0
417;566;CENAC;3;CENAC;2184,00;428;84,00;CdC des Portes de l'Entre-Deux-Mers;0
418;567;LIGNAN-DE-BORDEAUX;3;LIGNAN-DE-BORDEAUX;838,00;164;40,00;;0
419;568;CAMARSAC;3;CAMARSAC;1029,00;143;43,00;CdC des C?teaux Bordelais;0
420;569;SADIRAC;3;SADIRAC;4616,00;684;241,00;;0
421;570;CAMBLANES-ET-MEYNAC;3;CAMBLANES-ET-MEYNAC;3085,00;1119;119,00;CdC des Portes de l'Entre-Deux-Mers;0
422;571;SAINT-CAPRAIS-DE-BORDEAUX;3;SAINT-CAPRAIS-DE-BORDEAUX;3462,00;622;161,00;CdC des Portes de l'Entre-Deux-Mers;0
423;572;HAUX;3;HAUX;1513,00;326;72,00;;0
424;573;CREON;3;CREON;4864,00;1608;194,00;;0
425;574;QUINSAC;3;QUINSAC;2244,00;353;97,00;CdC des Portes de l'Entre-Deux-Mers;0
426;575;CAMBES;3;CAMBES;1775,00;376;83,00;CdC des Portes de l'Entre-Deux-Mers;0
427;576;TABANAC;3;TABANAC;1087,00;156;45,00;;0
428;577;LESTIAC-SUR-GARONNE;3;LESTIAC-SUR-GARONNE;566,00;95;26,00;;0
429;600;COUTRAS;3;COUTRAS;5871,00;1540;222,00;;0
430;601;LIBOURNE;3;LIBOURNE;2950,00;709;138,00;;0108_0109
431;602;LIBOURNE;3;LIBOURNE;3290,00;2956;113,00;;0103_0105_0102
432;603;LIBOURNE;3;LIBOURNE;1792,00;623;57,00;;0103_0105_0102
433;604;SAINT MAIXANT;3;LE PIAN-SUR-GARONNE;1993,00;255;106,00;;0
434;605;SAINT-MACAIRE;3;LE PIAN-SUR-GARONNE;2003,00;442;73,00;;0
435;606;LE PIAN SUR GARONNE;3;LE PIAN-SUR-GARONNE;937,00;211;48,00;;0
436;607;LANGON;3;LANGON;3819,00;4068;124,00;;0
437;608;BIGANOS;3;BIGANOS;3523,00;394;113,00;;0
438;609;BIGANOS;3;BIGANOS;3498,00;3795;147,00;;0
439;610;GUJAN-MESTRAS;3;GUJAN-MESTRAS;5895,00;282;203,00;;104
440;611;GUJAN-MESTRAS;3;GUJAN-MESTRAS;6588,00;500;179,00;;102
441;612;TESTE-DE-BUCH (LA );3;TESTE-DE-BUCH (LA );3916,00;2021;120,00;;0104_0103
442;613;ARCACHON;3;ARCACHON;1928,00;655;32,00;;0
443;614;ARCACHON;3;ARCACHON;1573,00;548;18,00;;0
444;615;ARCACHON;3;ARCACHON;3770,00;2573;37,00;;0
445;616;ARCACHON;3;ARCACHON;1855,00;798;15,00;;0
446;617;ANDERNOS-LES-BAINS;3;ANDERNOS-LES-BAINS;2697,00;682;25,00;;0
447;618;ANDERNOS-LES-BAINS;3;ANDERNOS-LES-BAINS;3016,00;1635;41,00;;0
448;619;LEGE-CAP-FERRET;3;LEGE-CAP-FERRET;4602,00;1684;154,00;;0
449;620;TEUILLAC;3;PUGNAC;1373,00;151;69,00;;0
450;621;CARS;3;CARS BERSON;1199,00;559;36,00;;0
451;622;LES PEINTURES;3;LES EGLISOTTES-ET-CHALAURES;1620,00;270;66,00;;0
452;623;CAMPS SUR L'ISLE;3;GOURS Camp  sur l'isle;964,00;116;32,00;;0
453;624;PAILLET;3;LANGOIRAN;1549,00;178;66,00;;0
454;625;LANGOIRAN;3;LANGOIRAN;2192,00;349;90,00;;0
455;626;BEGUEY;3;CADILLAC;1185,00;307;57,00;;0
456;627;LAROQUE;3;CADILLAC;589,00;124;19,00;;0
457;628;LOUPIAC;3;CADILLAC;1092,00;228;36,00;;0
458;629;SAINT ANDRE DU BOIS;3;SAINT-PIERRE-D'AURILLAC;430,00;99;19,00;;0
459;630;SAINT MARTIN DE SESCAS;3;SAINT-PIERRE-D'AURILLAC;594,00;102;32,00;;0
460;631;CASSEUIL;3;CAUDROT;391,00;15;12,00;;0
461;632;SAINT MICHEL DE LAPUJADE;3;LAMOTHE-LANDERON;440,00;115;20,00;;0
462;633;LAMOTHE-LANDERON;3;LAMOTHE-LANDERON;1171,00;242;49,00;;0
463;634;ARBANATS;3;ARBANATS;1367,00;213;73,00;;0
464;635;SAINT-PIERRE-DE-MONT;3;SAINT-PIERRE-DE-MONT;1850,00;122;79,00;;0
465;636;FONTET;3;FONTET;2472,00;394;112,00;;0
466;637;Cussac-Fort-M?oc;3;Cussac-Fort-Medoc;2340,00;261;120,00;;0
467;638;CISSAC-MEDOC;3;CISSAC-MEDOC;2269,00;740;117,00;;0
468;639;BAYON-SUR-GIRONDE;3;BAYON-SUR-GIRONDE;2113,00;316;104,00;;
469;640;GAURIAC;3;GAURIAC;3144,00;588;138,00;;
470;641;BLAYE;3;BLAYE;4789,00;3286;181,00;;
471;642;ANGLADE;3;ANGLADE;4857,00;721;191,00;;
472;643;BRAUD-ET-SAINT-LOUIS;3;BRAUD-ET-SAINT-LOUIS;5288,00;4045;267,00;;
473;644;SAINT-CIERS-SUR-GIRONDE;3;SAINT-CIERS-SUR-GIRONDE;5198,00;1150;268,00;;
474;645;BOURG;3;BOURG;3105,00;908;124,00;;
475;646;TAURIAC;3;TAURIAC;2830,00;493;117,00;;
476;647;PUGNAC;3;PUGNAC;2690,00;863;128,00;;
477;648;BERSON;3;CARS BERSON;1821,00;484;79,00;;
478;649;CARTELEGUES SAINT-GIRONS;3;CARTELEGUES SAINT-GIRONS;5226,00;758;218,00;;
479;650;SAINT-CHRISTOLY-DE-BLAYE;3;SAINT-CHRISTOLY-DE-BLAYE;1835,00;349;69,00;;
480;651;DONNEZAC;3;DONNEZAC;4266,00;1029;180,00;;
481;652;SAINT LAURENT D'ARCE;3;SAINT-LAURENT-D'ARCE;1575,00;329;79,00;;
482;653;CEZAC;3;CEZAC;4367,00;464;240,00;;
483;654;CAVIGNAC;3;CAVIGNAC;2289,00;771;141,00;;
484;655;SAINT-MARIENS;3;SAINT-MARIENS;1603,00;411;74,00;;
485;656;SAINT-YZAN-DE-SOUDIAC;3;SAINT-YZAN-DE-SOUDIAC;2455,00;329;132,00;;
486;657;SAINT-SAVIN;3;SAINT-SAVIN;4102,00;1234;187,00;;
487;658;GAURIAGUET;3;GAURIAGUET;1504,00;143;98,00;;
488;659;MARCENAIS;3;MARCENAIS;2014,00;316;95,00;;
489;660;LARUSCADE;3;LARUSCADE;2777,00;426;129,00;;
490;661;SALIGNAC;3;SALIGNAC;2093,00;277;100,00;;
491;662;SAINT-CIERS-D'ABZAC;3;SAINT-CIERS-D'ABZAC;4866,00;777;207,00;;
492;663;LAGORCE;3;LAGORCE;2799,00;433;101,00;;
493;664;CADILLAC LUGON;3;CADILLAC LUGON;6387,00;1118;246,00;;
494;665;GALGON;3;GALGON;6184,00;1387;251,00;;
495;666;LES BILLAUX;3;LES BILLAUX;2061,00;340;73,00;;
496;667;SAINT-DENIS-DE-PILE;3;SAINT-DENIS-DE-PILE;5757,00;1783;256,00;;
497;668;GUITRES;3;GUITRES;3693,00;631;143,00;;
498;669;ABZAC;3;ABZAC;1992,00;498;99,00;;
499;670;COUTRAS;3;COUTRAS;2661,00;1125;90,00;;
500;671;LES EGLISOTTES-ET-CHALAURES;3;LES EGLISOTTES-ET-CHALAURES;2120,00;305;91,00;;
501;672;VAYRES;3;VAYRES;4142,00;1904;208,00;;
502;673;ARVEYRES;3;ARVEYRES;2059,00;567;87,00;;
503;674;FRONSAC;3;FRONSAC;1665,00;571;41,00;;
504;675;LIBOURNE;3;LIBOURNE;2737,00;481;121,00;;101
505;676;LIBOURNE;3;LIBOURNE;2137,00;2125;79,00;;104
506;677;LIBOURNE;3;LIBOURNE;2758,00;5135;105,00;;0108_0109
507;678;LIBOURNE;3;LIBOURNE;2923,00;1160;113,00;;0103_0105_0102
508;679;LIBOURNE;3;LIBOURNE;3251,00;1409;132,00;;107
509;680;LIBOURNE;3;LIBOURNE;2336,00;3544;81,00;;106
510;681;LALANDE-DE-POMEROL;3;LALANDE-DE-POMEROL;1571,00;972;74,00;;
511;682;MONTAGNE;3;MONTAGNE;1496,00;520;81,00;;
512;683;LUSSAC;3;LUSSAC;4352,00;1553;184,00;;
513;684;SAINT-MEDARD-DE-GUIZIERES;3;SAINT-MEDARD-DE-GUIZIERES;2364,00;840;102,00;;
514;685;GOURS;3;GOURS Camp  sur l'isle;870,00;109;34,00;;
515;686;SAINT-SEURIN-SUR-L'ISLE;3;SAINT-SEURIN-SUR-L'ISLE;3126,00;1122;95,00;;
516;687;LE FIEU;3;LE FIEU;2556,00;335;94,00;;
517;688;SAINT-GERMAIN-DU-PUCH;3;SAINT-GERMAIN-DU-PUCH;2245,00;449;82,00;;
518;689;GENISSAC;3;GENISSAC;4202,00;717;192,00;;
519;690;SAINT-SULPICE-DE-FALEYRENS;3;SAINT-SULPICE-DE-FALEYRENS;1294,00;482;32,00;;
520;691;SAINT-EMILION;3;SAINT-EMILION;1836,00;2710;72,00;;
521;692;SAINTE-TERRE;3;SAINTE-TERRE;3523,00;1385;156,00;;
522;693;SAINT-MAGNE-DE-CASTILLON;3;SAINT-MAGNE-DE-CASTILLON;2557,00;1124;108,00;;
523;694;BELVES-DE-CASTILLON;3;BELVES-DE-CASTILLON;2097,00;504;96,00;;
524;695;CASTILLON-LA-BATAILLE;3;CASTILLON-LA-BATAILLE;4087,00;1200;206,00;;
525;696;BARON;3;BARON;1904,00;337;97,00;;
526;697;SAINT-QUENTIN-DE-BARON;3;SAINT-QUENTIN-DE-BARON;4295,00;707;222,00;;
527;698;BRANNE;3;BRANNE;4451,00;1133;180,00;;
528;699;RAUZAN;3;RAUZAN;3536,00;1252;146,00;;
529;700;MOULIETS;3;MOULIETS;3766,00;741;147,00;;
530;701;SAINTE-RADEGONDE;3;SAINTE-RADEGONDE;2703,00;684;91,00;;
531;702;SAINT-ANDRE LEVES-ET-THOUMEYRAGUES;3;SAINT-ANDRE LEVES-ET-THOUMEYRAGUES;3382,00;797;103,00;;
532;703;PINEUILH SAINT-AVIT;3;PINEUILH SAINT-AVIT;8670,00;1936;283,00;;
533;704;SAINTE-FOY-LA-GRANDE;3;SAINTE-FOY-LA-GRANDE;2618,00;1663;163,00;;
534;705;LA SAUVE;3;LA SAUVE;2193,00;491;86,00;;
535;706;TARGON;3;TARGON;3388,00;805;112,00;;
536;707;FALEYRAS LUGASSON;3;FALEYRAS LUGASSON;3321,00;220;153,00;;
537;708;FONTENAC;3;FONTENAC;2702,00;639;131,00;;
538;709;SAUVETERRE-DE-GUYENNE;3;SAUVETERRE-DE-GUYENNE;3824,00;1291;171,00;;
539;710;BLASIMON;3;BLASIMON;1163,00;238;44,00;;
540;711;PELLEGRUE;3;PELLEGRUE;2894,00;1360;92,00;;
541;712;CAPIAN;3;LANGOIRAN;772,00;200;29,00;;
542;713;RIONS;3;RIONS;1991,00;225;78,00;;
543;714;CADILLAC;3;CADILLAC;2816,00;2070;113,00;;
544;715;MOURENS;3;MOURENS;2466,00;586;104,00;;
545;716;MORIZES;3;MORIZES;3211,00;578;139,00;;
546;717;MONSEGUR;3;MONSEGUR;5213,00;1315;187,00;;
547;718;VERDELAIS;3;LE PIAN-SUR-GARONNE;1856,00;431;84,00;;
548;719;SAINT-PIERRE-D'AURILLAC;3;SAINT-PIERRE-D'AURILLAC;1363,00;269;51,00;;
549;720;CAUDROT;3;CAUDROT;1156,00;448;46,00;;
550;721;GIRONDE-SUR-DROPT;3;GIRONDE-SUR-DROPT;1370,00;470;55,00;;
551;722;LA REOLE;3;LA REOLE;4484,00;2994;210,00;;
552;723;MONGAUZY;3;LAMOTHE-LANDERON;868,00;219;36,00;;
553;724;VIRELADE;3;ARBANATS;1149,00;76;56,00;;
554;725;PODENSAC;3;PODENSAC;3198,00;1372;110,00;;
555;726;CERONS;3;CERONS;2100,00;314;84,00;;
556;727;BARSAC;3;BARSAC;2038,00;613;82,00;;
557;728;PREIGNAC;3;PREIGNAC;2138,00;508;88,00;;
558;729;TOULENNE;3;TOULENNE;2809,00;751;142,00;;
559;730;LANGON;3;LANGON;3672,00;3466;138,00;;
560;731;CASTETS ET CASTILLON;3;SAINT-PIERRE-DE-MONT;2389,00;294;116,00;;
561;732;PONDAURAT;3;FONTET;1754,00;255;74,00;;
562;733;ILLATS;3;ILLATS;2215,00;669;111,00;;
563;734;FARGUES;3;FARGUES;5416,00;1016;266,00;;
564;735;ROAILLAN;3;ROAILLAN;4404,00;855;243,00;;
565;736;AUROS;3;AUROS;1882,00;314;81,00;;
566;737;BAZAS;3;BAZAS;5233,00;3014;143,00;;
567;738;AILLAS GRIGNOLS;3;AILLAS GRIGNOLS;5323,00;1156;168,00;;
568;739;CUDOS;3;CUDOS;3087,00;530;97,00;;
569;740;LANDIRAS;3;LANDIRAS;2632,00;1176;116,00;;
570;741;SAINT-SYMPHORIEN;3;SAINT-SYMPHORIEN;2913,00;756;117,00;;
571;742;NOAILLAN PRECHAC;3;NOAILLAN PRECHAC;5012,00;828;174,00;;
572;743;CAPTIEUX;3;CAPTIEUX;2642,00;872;74,00;;
573;744;CABANAC-ET-VILLAGRAINS;3;CABANAC-ET-VILLAGRAINS;2367,00;353;108,00;;
574;745;Saint-Magne;3;Saint-Magne;1122,00;189;59,00;;
575;746;HOSTENS;3;HOSTENS;2479,00;336;114,00;;
576;747;LE BARP;3;LE BARP;5827,00;2812;296,00;;
577;748;BELIN-BELIET;3;BELIN-BELIET;5808,00;1199;255,00;;
578;749;SALLES;3;SALLES;8586,00;1781;343,00;;
579;750;MARCHEPRIME;3;MARCHEPRIME;5218,00;881;230,00;;
580;751;MIOS;3;MIOS;11262,00;2470;653,00;;
581;752;BIGANOS;3;BIGANOS;4022,00;670;163,00;;
582;753;LE TEICH;3;LE TEICH;8849,00;1438;342,00;;
583;754;GUJAN-MESTRAS;3;GUJAN-MESTRAS;4419,00;2220;149,00;;104
584;755;GUJAN-MESTRAS;3;GUJAN-MESTRAS;3170,00;393;67,00;;102
585;756;GUJAN-MESTRAS;3;GUJAN-MESTRAS;2392,00;1679;43,00;;105
586;757;TESTE-DE-BUCH (LA );3;TESTE-DE-BUCH (LA );2644,00;3520;67,00;;102
587;758;TESTE-DE-BUCH (LA );3;TESTE-DE-BUCH (LA );2633,00;215;81,00;;0104_0103
588;759;TESTE-DE-BUCH (LA );3;TESTE-DE-BUCH (LA );3156,00;1557;75,00;;101
589;760;TESTE-DE-BUCH (LA );3;TESTE-DE-BUCH (LA );5165,00;537;110,00;;0105_0106
590;761;TESTE-DE-BUCH (LA );3;TESTE-DE-BUCH (LA );2637,00;4068;70,00;;107
591;762;TESTE-DE-BUCH (LA );3;TESTE-DE-BUCH (LA );3752,00;182;146,00;;301
592;763;TESTE-DE-BUCH (LA );3;TESTE-DE-BUCH (LA );2212,00;884;44,00;;201
593;764;ARCACHON;3;ARCACHON;2453,00;1272;61,00;;
594;765;AUDENGE;3;AUDENGE;9124,00;1564;332,00;;
595;766;LANTON;3;LANTON;7248,00;1215;159,00;;
596;767;ANDERNOS-LES-BAINS;3;ANDERNOS-LES-BAINS;6691,00;1571;135,00;;
597;768;ARES;3;ARES;6371,00;1998;155,00;;
598;769;LEGE-CAP-FERRET;3;LEGE-CAP-FERRET;3705,00;1452;58,00;;
599;770;LE TEMPLE-SAUMOS;3;LE TEMPLE;1159,00;100;50,00;;
600;771;LE PORGE;3;LE PORGE;3323,00;491;160,00;;
601;772;LACANAU;3;LACANAU;5210,00;1827;155,00;;
602;773;SAINTE-HELENE;3;SAINTE-HELENE;3709,00;615;154,00;;
603;774;LAMARQUE-ARCINS;3;Cussac-Fort-Medoc;1868,00;427;83,00;;
604;775;MOULIS-EN-MEDOC;3;MOULIS-EN-MEDOC;1978,00;447;87,00;;
605;776;LISTRAC-MEDOC;3;LISTRAC-MEDOC;2864,00;453;118,00;;
606;777;SAINT-LAURENT-MEDOC;3;SAINT-LAURENT-MEDOC;5451,00;2159;244,00;;
607;778;CARCANS;3;CARCANS;2417,00;456;84,00;;
608;779;HOURTIN;3;HOURTIN;3980,00;968;132,00;;
609;780;PAUILLAC;3;PAUILLAC;5070,00;3284;220,00;;
610;781;SAINT SAUVEUR;3;CISSAC-MEDOC;1294,00;229;42,00;;
611;782;SAINT-GERMAIN-D'ESTEUIL;3;SAINT-GERMAIN-D'ESTEUIL;2572,00;492;92,00;;
612;783;LESPARRE-MEDOC;3;LESPARRE-MEDOC;5846,00;3267;206,00;;
613;784;GAILLAN-EN-MEDOC;3;GAILLAN-EN-MEDOC;2376,00;703;74,00;;
614;785;Vendays-Montalivet;3;Vendays-Montalivet;3693,00;887;103,00;;
615;786;Saint-Est?he;3;SAINT-ESTEPHE;3143,00;1255;122,00;;
616;787;BEGADAN;3;BEGADAN;2525,00;1026;83,00;;
617;788;Queyrac;3;Queyrac;2817,00;572;85,00;;
618;789;Saint-Vivien-de-M?oc;3;Saint-Vivien-de-Medoc;5188,00;744;174,00;;
619;790;SOULAC-SUR-MER;3;SOULAC-SUR-MER;3319,00;1177;68,00;;
620;791;LE VERDON-SUR-MER;3;LE VERDON-SUR-MER;1545,00;356;35,00;;
621;800;RD137;6;RD137;0,00;0;0,00;;
622;801;A10;6;A10;0,00;0;0,00;;
623;802;RD19;6;RD19;0,00;0;0,00;;
624;803;RD256;6;RD256;0,00;0;0,00;;
625;804;N10;6;N10;0,00;0;0,00;;
626;805;RD910bis;6;RD910bis;0,00;0;0,00;;
627;806;RD674;6;RD674;0,00;0;0,00;;
628;807;RD1089;6;RD1089;0,00;0;0,00;;
629;808;A89;6;A89;0,00;0;0,00;;
630;809;RD708;6;RD708;0,00;0;0,00;;
631;810;RD936;6;RD936;0,00;0;0,00;;
632;811;RD708;6;RD708;0,00;0;0,00;;
633;812;RD1113;6;RD1113;0,00;0;0,00;;
634;813;A62;6;A62;0,00;0;0,00;;
635;814;RD655;6;RD655;0,00;0;0,00;;
636;815;A65;6;A65;0,00;0;0,00;;
637;816;D932;6;D932;0,00;0;0,00;;
638;817;RD220;6;RD220;0,00;0;0,00;;
639;818;RD651;6;RD651;0,00;0;0,00;;
640;819;A63;6;A63;0,00;0;0,00;;
641;820;RD46;6;RD46;0,00;0;0,00;;
642;821;RD652;6;RD652;0,00;0;0,00;;
643;822;RD218;6;RD218;0,00;0;0,00;;
644;823;Bac Le Verdon Royan;6;Bac Le Verdon Royan;0,00;0;0,00;;
645;824;Voie ferrée direction La Rochelle;6;Voie ferré;0,00;0;0,00;;
646;825;Voie ferrée direction Angoulême;6;Voie ferré;0,00;0;0,00;;
647;826;Voie ferrée direction Brive / Limoges / Perrigueux;6;Voie ferré;0,00;0;0,00;;
648;827;Voie ferrée direction Bergerac;6;Voie ferré;0,00;0;0,00;;
649;828;Voie ferrée direction Agen;6;Voie ferré;0,00;0;0,00;;
650;829;Voie ferrée direction Hendaye;6;Voie ferré;0,00;0;0,00;;
651;900;P+R La Gardette Nord & Sud;4;;0,00;0;0,00;;
652;901;P+R Lauriers;4;;0,00;0;0,00;;
653;902;P+R Buttinière;4;;0,00;0;0,00;;
654;903;P+R Floirac Dravemont;4;;0,00;0;0,00;;
655;904;P+R Galin;4;;0,00;0;0,00;;
656;905;P+R Stalingrad;4;;0,00;0;0,00;;
657;907;P+R Arts et Métiers;4;;0,00;0;0,00;;
658;908;P+R Unitec;4;;0,00;0;0,00;;
659;909;P+R Bougnard;4;;0,00;0;0,00;;
660;910;Pessac Centre;4;;0,00;0;0,00;;
661;911;P+R Porte de Bordeaux;4;;0,00;0;0,00;;
662;912;P+R Arlac;4;;0,00;0;0,00;;
663;913;P+R Quatre Chemins;4;;0,00;0;0,00;;
664;914;Mérignac Centre;4;;0,00;0;0,00;;
665;915;P+R Ravezies Le Bouscat;4;;0,00;0;0,00;;
666;916;P+R Les Aubiers;4;;0,00;0;0,00;;
667;917;P+R Brandenburg;4;;0,00;0;0,00;;
668;918;P+R Gare de Blanquefort;4;;0,00;0;0,00;;
669;919;P+R Gare de Bruges;4;;0,00;0;0,00;;
670;920;P+R De L'Hippodrome;4;;0,00;0;0,00;;
671;921;P+R Cantinolle;4;;0,00;0;0,00;;
672;922;P+R Le Haillan Rostand;4;;0,00;0;0,00;;
673;923;P+R Les Pins;4;;0,00;0;0,00;;
674;924;P+R Gare De Pessac Alouette;4;;0,00;0;0,00;;
675;925;P+R Cap Métiers;4;;0,00;0;0,00;;
676;926;P+R Gare De Begles;4;;0,00;0;0,00;;
677;927;P+R Villenave Pyrenees;4;;0,00;0;0,00;;
678;928;Floirac Arena;4;;0,00;0;0,00;;
679;929;P+R Aeroparc;4;;0,00;0;0,00;;
680;930;P+R Puypelat;4;;0,00;0;0,00;;
681;931;P+R Quarante Journaux;4;;0,00;0;0,00;;
682;932;P+R Lycée Sud Médoc;4;;0,00;0;0,00;;
683;933;P+R Parempuyre;4;;0,00;0;0,00;;
684;934;P+R Mermoz;4;;0,00;0;0,00;;
685;935;P+R Germignan;4;;0,00;0;0,00;;
686;936;P+R Duperier;4;;0,00;0;0,00;;
687;937;P+R de la Plaine des Sports;4;;0,00;0;0,00;;
688;938;Parking gratuit Achard;4;;0,00;0;0,00;;
689;939;P+R Caroline Aigle;4;;0,00;0;0,00;;
690;940;P+R Amplitude;4;;0,00;0;0,00;;
691;941;P+R Picot;4;;0,00;0;0,00;;
692;942;P+R Thouars;4;;0,00;0;0,00;;
693;943;P+R Blancherie;4;;0,00;0;0,00;;
694;944;P+R Beausoleil;4;;0,00;0;0,00;;
695;1000;Aire de covoiturage du Teich;5;Le Teich;0,00;0;0,00;;
696;1001;Aire de Querquillas;5;Andernos-les-Bains;0,00;0;0,00;;
697;1002;Hôtel de ville;5;Lanton;0,00;0;0,00;;
698;1003;Aire de La Poste;5;Branne;0,00;0;0,00;;
699;1004;Parking de la gare;5;Gironde sur Dropt;0,00;0;0,00;;
700;1005;Place du foirail;5;Sauveterre-de-Guyenne;0,00;0;0,00;;
701;1006;Aire du Peyrat;5;Saint-André-de-Cubzac;0,00;0;0,00;;
702;1007;Beutre BA106;5;Mérignac;0,00;0;0,00;;
703;1008;Parc cimetière;5;Ambarès-et-Lagrave;0,00;0;0,00;;
704;1009;Place Escarraguel;5;Ambès;0,00;0;0,00;;
705;1010;Centre commercial giratoire du Drive;5;Bouliac;0,00;0;0,00;;
706;1011;Réserve naturelle;5;Bruges;0,00;0;0,00;;
707;1012;Place Voltaire;5;Le Taillan-Médoc;0,00;0;0,00;;
708;1013;Centre Commercial Intermarché;5;Martignas-sur-Jalle;0,00;0;0,00;;
709;1014;Aire Escute;5;Quinsac;0,00;0;0,00;;
710;1015;Relais des Graves;5;Castres-Gironde;0,00;0;0,00;;
711;1016;Aire des Grands Pins;5;Ayguemorte-les-Graves;0,00;0;0,00;;
712;1017;Aire de Tresses Mélac - Le Canon;5;Tresses;0,00;0;0,00;;
713;1018;Aire La Laurence;5;Fargues-Saint-Hilaire;0,00;0;0,00;;
714;1019;Aire Le Pavillon;5;Sallebœuf;0,00;0;0,00;;
715;1020;Aire multimodale du bourg;5;Cabanac-et-Villagrains;0,00;0;0,00;;
716;1021;Aire de Montussan;5;Montussan;0,00;0;0,00;;
717;1022;Aire des Châlets;5;Lanton;0,00;0;0,00;;
718;1023;Aire du Flautat;5;Bourdelles;0,00;0;0,00;;
719;1024;Aire du bourg;5;Saucats;0,00;0;0,00;;
720;1025;Les Billaux Ech. 10 A89;5;Les Billaux;0,00;0;0,00;;
721;1026;Abzac A89 échangeur 11 Coutras;5;Abzac;0,00;0;0,00;;
722;1027;Aire du Flaman;5;Yvrac;0,00;0;0,00;;
723;1028;Aire Sainte Eulalie Grand Tour;5;Sainte-Eulalie;0,00;0;0,00;;
724;1029;Place Bourg;5;Marsas;0,00;0;0,00;;
725;1030;Aire Illats Podensac A62;5;Illats;0,00;0;0,00;;
726;1031;Aire de Lestauleyres;5;Mios;0,00;0;0,00;;
727;1032;Aire Aillas ZA-A62;5;Aillas;0,00;0;0,00;;
728;1033;Aire Bazas A65;5;Bazas;0,00;0;0,00;;
729;1034;Aire Captieux A65;5;Captieux;0,00;0;0,00;;
730;1035;Aire de Sadirac-Lorient;5;Sadirac;0,00;0;0,00;;
731;1036;Aire de Mios échangeur 2  A660/RD3 SUD;5;Mios;0,00;0;0,00;;
732;1037;Aire de Carignan;5;Carignan-de-Bordeaux;0,00;0;0,00;;
733;1038;Aire Les Cantines;5;Saint-Jean-d'Illac;0,00;0;0,00;;
734;1039;Aire de St Laurent d'Arce;5;Saint-Laurent-d'Arce;0,00;0;0,00;;
735;1040;Aire de Baron;5;Baron;0,00;0;0,00;;
736;1041;Aire d'Arsac;5;Arsac;0,00;0;0,00;;
737;1042;Aire de Cadiot;5;Ludon-Médoc;0,00;0;0,00;;
738;1043;Aire du Courneau;5;Canéjan;0,00;0;0,00;;
739;1044;Nelson Paillou;5;Artigues-près-Bordeaux;0,00;0;0,00;;
740;1045;Aire du stade;5;Arveyres;0,00;0;0,00;;
741;1046;Aire de Baron Bariac;5;Baron;0,00;0;0,00;;
742;1047;Bel Air;3;Berson;0,00;0;0,00;;
743;1048;Rue des papetiers;5;Biganos;0,00;0;0,00;;
744;1049;Aire de l'église;5;Brach;0,00;0;0,00;;
745;1050;Parking de la Piscine;5;Cadillac;0,00;0;0,00;;
746;1051;Parking de la route de Créon;5;Capian;0,00;0;0,00;;
747;1052;Aire de la Presqu'île;5;Castelnau-de-Médoc;0,00;0;0,00;;
748;1053;Aire de covoiturage du Pont de Cotet;5;Cavignac;0,00;0;0,00;;
749;1054;Aire de Choisy;5;Cestas;0,00;0;0,00;;
750;1055;Centre Commercial Gazinet Nord Cestas;5;Cestas;0,00;0;0,00;;
751;1056;Aire de Cantelande;5;Cestas;0,00;0;0,00;;
752;1057;Carrefour Market Créon;5;Créon;0,00;0;0,00;;
753;1058;Place Docteur Dejean;5;Fargues-Saint-Hilaire;0,00;0;0,00;;
754;1059;Aire allée Perrault;5;Gujan-Mestras;0,00;0;0,00;;
755;1060;Aire de la Plaine des sports;5;La Teste-de-Buch;0,00;0;0,00;;
756;1061;Gare de péage Langon;5;Langon;0,00;0;0,00;;
757;1062;Aire de Blagon;5;Lanton;0,00;0;0,00;;
758;1063;Centre commercial E. Leclerc;5;Léognan;0,00;0;0,00;;
759;1064;Place du Marché;5;Léognan;0,00;0;0,00;;
760;1065;Villeneuve;5;Le Porge;0,00;0;0,00;;
761;1066;Place Eugène Marcou;5;Lesparre-Médoc;0,00;0;0,00;;
762;1067;Parking Petite Enfance;5;Le Tourne;0,00;0;0,00;;
763;1068;Parking de la gare;5;Ludon-Médoc;0,00;0;0,00;;
764;1069;Parking de la bibliothèque;5;Paillet;0,00;0;0,00;;
765;1070;Parking intermodal;5;Parempuyre;0,00;0;0,00;;
766;1071;Parking allée des Pins;5;Pompignac;0,00;0;0,00;;
767;1072;Aire de la Mairie;5;Prignac-et-Marcamps;0,00;0;0,00;;
768;1073;Cave coopérative;5;Pugnac;0,00;0;0,00;;
769;1074;La Barotte;5;Saint-André-de-Cubzac;0,00;0;0,00;;
770;1075;La Garosse;5;Saint-André-de-Cubzac;0,00;0;0,00;;
771;1076;Stade;5;Sainte-Hélène;0,00;0;0,00;;
772;1077;Collège de l'Estey;5;Saint-Jean-d'Illac;0,00;0;0,00;;
773;1078;Place du 8 mai 1945;5;Saint-Laurent-Médoc;0,00;0;0,00;;
774;1079;Leynier;5;Salignac;0,00;0;0,00;;
775;1080;Parking cimetière;5;Targon;0,00;0;0,00;;
776;1081;Aire de covoiturage des Tennis;5;Arsac;0,00;0;0,00;;
777;1082;Centre Commercial La House;5;Canéjan;0,00;0;0,00;;
778;1083;Aire du Maquis de Vignes-Oudides;5;Hourtin;0,00;0;0,00;;
779;1084;Centre commercial Carrefour;5;Lormont;0,00;0;0,00;;
780;1085;Christians FETIS;5;Pauillac;0,00;0;0,00;;
781;1086;Parking de la Gare;5;Rions;0,00;0;0,00;;
782;1087;Aire Intermarché Picot;5;Saint-Médard-en-Jalles;0,00;0;0,00;;
783;1088;La tonne à Jeannot;5;Audenge;0,00;0;0,00;;
784;1089;Espace Culturel Lucien Mounaix;5;Biganos;0,00;0;0,00;;
785;1090;Avenue de la Gare;5;Lège-Cap-Ferret;0,00;0;0,00;;
786;1091;Giratoire de la caravelle;5;Marcheprime;0,00;0;0,00;;
787;1092;Giratoire du cimetière;5;Marcheprime;0,00;0;0,00;;
788;1093;Aire de covoiturage de Mios/A63;5;Mios;0,00;0;0,00;;
789;1094;Aire de covoiturage de Salles/Belin-Beliet;5;Salles;0,00;0;0,00;;
790;1095;Aire de Senau;5;Vayres;0,00;0;0,00;;
791;1096;Parking rue des Jasmins;5;Eysines;0,00;0;0,00;;
792;1097;Parking allée du Limancet;5;Eysines;0,00;0;0,00;;
793;1098;Centre commercial Super U;5;Eysines;0,00;0;0,00;;
794;1099;Décathlon Oxylane;5;Mérignac;0,00;0;0,00;;
795;1100;Parking rue Ariane;5;Mérignac;0,00;0;0,00;;
796;1101;Parking avenue du Maréchal de Lattre de Tassigny;5;Mérignac;0,00;0;0,00;;
797;1102;Place Mondesir;5;Mérignac;0,00;0;0,00;;
798;1103;Place du Général Gouraud;5;Mérignac;0,00;0;0,00;;
799;1104;Parking rue Jean Duperrier;5;Saint-Médard-en-Jalles;0,00;0;0,00;;
800;1105;Aire carrefour market;5;Le Taillan-Médoc;0,00;0;0,00;;
801;1106;Parking de la Mairie;5;Bellebat;0,00;0;0,00;;
802;1107;Aire de Jarry;5;Cestas;0,00;0;0,00;;
803;1108;Aire du Fassier;5;Pugnac;0,00;0;0,00;;
804;1109;Gare routière;5;Saint-Médard-en-Jalles;0,00;0;0,00;;
805;1110;Aire Géant Casino Pessac;5;Pessac;0,00;0;0,00;;
806;1111;Aire du Thion;5;Ayguemorte-les-Graves;0,00;0;0,00;;
807;1112;Parking Grand Louis;5;Eysines;0,00;0;0,00;;
808;1113;Parking rue des Treytins;5;Eysines;0,00;0;0,00;;
809;1114;Parking rue des papillons;5;Eysines;0,00;0;0,00;;
810;1115;Aire Supermarché Spar;5;Saint-Louis-de-Montferrand;0,00;0;0,00;;
811;1116;Parking Feydit;5;Saint-Médard-en-Jalles;0,00;0;0,00;;
812;1117;Place Georges Blanc;5;Saint-Médard-en-Jalles;0,00;0;0,00;;
813;1118;Aire de covoiturage de Mios/A660;5;Mios;0,00;0;0,00;;
814;1119;Gare de péage Saint Aubin de Blaye;5;Saint Aubin de Blaye;0,00;0;0,00;;
815;1120;Aire des Chapelles;5;Saint-Denis-de-Pile;0,00;0;0,00;;
816;1121;Aire des Glycines;5;Belin-Béliet;0,00;0;0,00;;
817;1122;Centre Commercial Ivantout;5;Les Peintures;0,00;0;0,00;;
818;1123;Place Maréchal de Lattre de Tassigny;3;Libourne;0,00;0;0,00;;
819;1124;Parking Plage des Dagueys;5;Libourne;0,00;0;0,00;;
820;1125;Parking Hopital Robert Boulin;5;Libourne;0,00;0;0,00;;
821;1126;Parking chemin de Bacchus;5;Bruges;0,00;0;0,00;;
822;1127;Aire des Marguerites;5;Cadaujac;0,00;0;0,00;;
823;1128;Aire de Bardon;5;Galgon;0,00;0;0,00;;
824;1129;Aire de Latresne;5;Latresne;0,00;0;0,00;;
825;1130;Aire du Crématorium;5;Mérignac;0,00;0;0,00;;
826;1131;Aire de Saint Laurent RD 1215;5;Saint-Laurent-Médoc;0,00;0;0,00;;
827;1132;Aire Pas du Soc;5;Avensan;0,00;0;0,00;;
828;1133;Aire Croix de balais;5;Cézac;0,00;0;0,00;;
829;1134;Aire Euromédoc;5;Saint-Aubin-de-Médoc;0,00;0;0,00;;
830;1135;Aire Plaine des Sports;5;Saint-Aubin-de-Médoc;0,00;0;0,00;;
831;1136;Aire de la Mattade;5;Carcans;0,00;0;0,00;;
832;1137;Centre commercial Rives d'Arcins;5;Bègles;0,00;0;0,00;;
833;1138;Domercq Saint Jean;5;Bordeaux;0,00;0;0,00;;
834;1139;Bassens Rome;5;Bassens;0,00;0;0,00;;
835;1140;Breillan;5;Blanquefort;0,00;0;0,00;;
836;1141;11 Novembre - Duvert;5;Blanquefort;0,00;0;0,00;;
837;1142;Eglise de Caychac;5;Blanquefort;0,00;0;0,00;;
838;1143;Aire TEST;5;Abzac;0,00;0;0,00;;
839;1144;echangeur 42 A10;5;Ambarès-et-Lagrave;0,00;0;0,00;;
840;1145;place Yvan Bric;5;Parempuyre;0,00;0;0,00;;
841;1146;Grattequina;5;Parempuyre;0,00;0;0,00;;
842;1147;Belle étoile;5;Tresses;0,00;0;0,00;;
843;1148;Aire de l'Auberge;5;Labarde;0,00;0;0,00;;
